Price,Close,High,Low,Open,Volume
Ticker,GOOG,GOOG,GOOG,GOOG,GOOG
Date,,,,,
2023-09-29,130.953857421875,133.97318869928992,130.42746090033583,133.1686964741104,23237300
2023-10-02,134.2512969970703,134.44000806118913,131.1674047928885,131.25678945849825,19210400
2023-10-03,132.39398193359375,134.32079845496276,131.9122778032515,134.01289275050584,19628700
2023-10-04,135.3437957763672,135.6417597486014,132.52308734830405,132.75153498156067,22848000
2023-10-05,135.06570434570312,135.57223250583104,133.54113384477424,135.20475218309574,15922900
2023-10-06,137.78707885742188,138.23998837759044,134.02284531119523,134.02284531119523,20826700
2023-10-09,138.55186462402344,139.01867140182978,135.77089226722055,137.05213305058865,16599100
2023-10-10,138.25389099121094,139.78343250100227,137.48912023631527,138.561781577511,19554900
2023-10-11,140.73690795898438,141.25337793081044,138.8895491704142,138.89949090290392,20146300
2023-10-12,139.33648681640625,141.41229326892307,138.50219966649095,141.1937873265529,18173100
2023-10-13,137.6381072998047,140.37934279597587,137.0322527150799,139.69403013316338,19438700
2023-10-16,139.53512573242188,139.9472984001884,138.37307978447413,138.78028158651918,17345600
2023-10-17,140.03173828125,140.28996568260703,137.58746642254545,139.07825644802168,17424000
2023-10-18,138.33335876464844,141.024946460582,137.76226988019343,139.7933688739982,18304900
2023-10-19,138.03538513183594,140.0466308307612,137.6579781976682,138.84981908124664,21831200
2023-10-20,135.8106231689453,138.09497860916554,135.31897723552584,137.64804016021287,24970300
2023-10-23,136.96270751953125,138.0751053464584,134.19167741552045,135.30406008737035,20780700
2023-10-24,139.16763305664062,139.75363448575294,137.8069494682728,138.21416643365018,26535200
2023-10-25,125.8090591430664,129.21575431429392,125.23299941526155,128.88799540941807,58796100
2023-10-26,122.60101318359375,124.60728044031188,121.48862280135486,123.62401133186098,33907400
2023-10-27,122.56128692626953,123.59421925232625,120.63447012790027,123.18700226811843,37367700
2023-10-30,124.89530944824219,125.6898750840977,123.03801663151515,123.61407633863341,24165600
2023-10-31,124.4483642578125,125.69979483666724,123.08270985488477,125.41176499874506,21123400
2023-11-01,126.70293426513672,126.87177699365125,124.0759150866492,124.48808775404078,26536600
2023-11-02,127.7060775756836,129.20580904934013,127.23927082893425,128.67941253152986,24091700
2023-11-03,129.48388671875,129.84144045040077,128.13312986085566,128.2125879295644,19529400
2023-11-06,130.55654907226562,130.66580202332503,129.04687606355694,129.33491345956676,15360400
2023-11-07,131.5001220703125,132.37414589846153,130.24869126143807,131.08297846735437,19223800
2023-11-08,132.354248046875,132.63234372011158,131.26173366061062,131.4603712621971,15093600
2023-11-09,130.79493713378906,133.04951273258644,130.6161526699025,132.45358472640288,17976500
2023-11-10,133.14881896972656,133.35739831059152,129.9804983273355,130.63601607853604,20872900
2023-11-13,132.73167419433594,133.19848090776173,131.8675922654779,132.45357851251777,16409900
2023-11-14,134.50950622558594,136.30721680296887,134.18176249600617,134.7280121486915,22317300
2023-11-15,135.45306396484375,135.90992897259557,134.41019752225017,135.711291353787,15840900
2023-11-16,137.7572784423828,137.936062895952,135.1550909527121,136.0291146033218,17615100
2023-11-17,136.00926208496094,137.0620551562761,134.55917860130444,136.88328583703222,25565300
2023-11-20,136.9825897216797,137.4841622099929,134.56911311094566,134.57903968756656,19569400
2023-11-21,137.67782592773438,138.02048225208836,136.76905164689023,137.00245501050702,17648100
2023-11-22,139.06832885742188,140.14099022883187,138.05525725857697,138.15458364957178,17306400
2023-11-24,137.2805633544922,138.72766131128793,136.53566086855264,138.59158384910427,8828600
2023-11-27,137.11172485351562,138.68098795774316,136.60518144814702,136.63499149118078,17886400
2023-11-28,137.67782592773438,137.71756254349978,136.10856301672683,136.69456443617818,17046900
2023-11-29,135.47291564941406,138.72069448225272,135.36863355280897,138.04035268879304,21014700
2023-11-30,133.00978088378906,136.02912732923033,131.8874563324484,135.47292076448537,29913500
2023-12-01,132.4138641357422,132.59263344572554,131.2537883158629,132.4138641357422,24268000
2023-12-04,129.74215698242188,130.5565758395042,128.52050596417803,130.40164545419833,24117100
2023-12-05,131.49017333984375,132.63235097777428,128.84824914445224,129.48389859735832,19235100
2023-12-06,130.5366973876953,132.40392436898622,130.4175178459377,131.9967073945423,16360600
2023-12-07,137.50897216796875,139.04844007120107,135.30405997729065,135.67155544578853,38419400
2023-12-08,135.71128845214844,137.05211887182605,134.6485688789512,134.7379535322421,23016100
2023-12-11,133.7844696044922,133.87385425633943,131.98677421586547,132.91046108352194,24502900
2023-12-12,132.73167419433594,133.62555100659748,131.92718203228492,132.36419386230722,26584000
2023-12-13,133.0594482421875,133.86394049599028,132.04637662569377,133.6305371126579,25414500
2023-12-14,132.294677734375,134.1172124747159,130.1692232592123,133.85401420402098,29619100
2023-12-15,132.9302978515625,133.9135743659218,131.7285306001998,132.01655282789972,58594000
2023-12-18,136.25753784179688,137.4394519740675,132.8607850053577,132.95016964853528,25699800
2023-12-19,137.161376953125,137.82682132203928,136.51578573785298,137.06205056459726,20661000
2023-12-20,138.7107696533203,142.10553763734032,138.46246884060355,139.37621401279182,33507300
2023-12-21,140.8362274169922,141.06465992680535,139.51825079333318,139.81322925621407,18101500
2023-12-22,141.74996948242188,142.27636599411244,141.08948083232403,141.16398320036313,18513500
2023-12-26,141.8492889404297,142.96664254548668,141.53145664055373,142.00818993528947,11170100
2023-12-27,140.47866821289062,142.34589514736865,140.09230463692492,141.85922010559463,17288400
2023-12-28,140.3197479248047,141.303024555929,139.87082419725482,140.88588102744305,12192500
2023-12-29,139.9721221923828,140.47369466693337,138.9491240905847,139.72382138796428,14881000
2024-01-02,138.6114501953125,139.65928755799916,136.80382806901335,138.65118681417778,20071900
2024-01-03,139.40602111816406,140.13105531143106,137.489130795316,137.6579886992348,18974300
2024-01-04,137.10174560546875,139.67910879375327,137.07195072566816,138.89945589886952,18253300
2024-01-05,136.45619201660156,137.8665387934094,135.91986893728313,137.41165910690393,15439500
2024-01-08,139.57484436035156,139.6840973184582,136.9428619447068,137.06204147897657,17645300
2024-01-09,141.59104919433594,141.8294234239338,138.83987202032304,139.10804113423583,19579700
2024-01-10,142.82264709472656,143.54271044219408,141.49175822119923,141.55134799836006,16641900
2024-01-11,142.69351196289062,145.6631951956154,141.2483993866276,143.9101920305069,17471100
2024-01-12,143.2596435546875,143.75624518425926,142.38561983701592,143.35895478755444,13998700
2024-01-16,143.10073852539062,144.8487709416046,142.08369624783842,142.45514726369032,19198900
2024-01-17,141.91880798339844,142.43527790298106,139.55497946211506,141.93867629128815,17884500
2024-01-18,144.00453186035156,144.59548895392675,142.37567928148383,142.4650639288118,18876800
2024-01-19,146.96429443359375,147.03381078438758,144.80904507770865,145.31060244189487,27181000
2024-01-22,146.7060546875,148.99538084129608,146.57693341892895,147.69925791016107,21829200
2024-01-23,147.66944885253906,147.84823331444744,146.18958574018595,146.7159822392896,14113600
2024-01-24,149.328125,150.53983426098853,148.82158160830878,149.26852007062226,19245000
2024-01-25,152.5957489013672,153.70813170761585,150.19219882067753,150.70866876146974,21495100
2024-01-26,152.7447509765625,153.06258335306524,151.76148926630614,151.83100562673994,19494500
2024-01-29,153.78759765625,154.14515145585057,151.8806491100736,152.59575670927472,20909300
2024-01-30,152.00978088378906,153.98624591780757,151.73664086026346,152.96324764515455,26578900
2024-01-31,140.8362274169922,144.60046116076612,140.5879265982581,144.4018235367947,43908600
2024-02-01,141.7400360107422,143.6370426138567,141.29308244456536,142.7133709079247,25526900
2024-02-02,142.56439208984375,142.90209272277824,137.23089532785647,139.9324094608562,42136100
2024-02-05,143.9449462890625,145.67312547842107,142.93188983968503,143.06099596259807,29254400
2024-02-06,144.4216766357422,145.74263867089806,143.53772642034644,144.9679414104424,21517700
2024-02-07,145.6830291748047,146.00086145376696,144.22303450293805,145.12683784169792,21436100
2024-02-08,146.21937561035156,146.60672425027803,145.42481002317268,145.97107481155055,18241300
2024-02-09,149.19898986816406,149.67076746269106,146.42794437992504,146.9444143010264,21877700
2024-02-12,147.71910095214844,149.5664594260565,147.55025823446212,148.52359308262692,17236100
2024-02-13,145.37515258789062,147.03380017093897,144.12372196821664,145.07720374159587,18138500
2024-02-14,146.13992309570312,146.8252357512777,144.56568930318198,146.36835559586845,16651800
2024-02-15,142.96168518066406,143.77610400462038,140.91568881099957,143.4781551391971,26724300
2024-02-16,140.79649353027344,143.49800770290975,140.55813443891583,143.22985372513244,21865100
2024-02-20,141.2334747314453,142.35479882473894,139.8429964835782,139.9820443083649,18625600
2024-02-21,142.86236572265625,143.00141358496236,140.945490538359,141.67052473787803,16440800
2024-02-22,144.33229064941406,145.2062991257531,143.03118177807255,145.12684105425365,23024700
2024-02-23,144.30250549316406,144.96299419604122,143.80590382697437,143.98468830744434,14519400
2024-02-26,137.8069610595703,142.86236233617606,137.79703448216958,142.47501364642804,33513000
2024-02-27,139.14776611328125,139.53511473206024,137.55863502568292,138.46245352119294,22364000
2024-02-28,136.4959259033203,138.33335811960436,135.7113019435236,138.15458879525067,30628700
2024-02-29,138.8299560546875,138.99879879706955,136.6349852486413,137.40968261019637,35485000
2024-03-01,137.14149475097656,139.0484430079042,137.03721266214237,138.66109438001388,28551500
2024-03-04,133.28787231445312,135.70136407802622,131.95698360470536,135.6119642682059,43571500
2024-03-05,132.8707275390625,133.10910177124268,130.65588856888178,131.8378028431057,28447600
2024-03-06,131.6590118408203,133.82420266578097,131.05315729148174,133.327601073047,23175200
2024-03-07,134.32081604003906,134.89687575674708,131.7583497781638,132.97998556001946,24107300
2024-03-08,135.36366271972656,138.04035272217487,133.88379959347205,134.11720296074475,26495200
2024-03-11,137.9956817626953,139.02860662253937,136.1383962685625,136.1383962685625,22536400
2024-03-12,138.67103576660156,139.32655356229864,137.27063067316766,137.31035213574967,19019700
2024-03-13,139.813232421875,141.22357928560828,139.0583882165814,139.10805141246854,19637000
2024-03-14,143.3589324951172,143.74628109974697,140.5233418746214,141.3328048297638,36117900
2024-03-15,141.20370483398438,143.35895407703438,140.1707801178293,142.43528232504678,41039500
2024-03-18,147.4708251953125,151.89057695283617,147.1331397026208,148.35477554681722,47676700
2024-03-19,146.9146270751953,148.60306961691788,146.01080845492217,147.96742012514895,17748400
2024-03-20,148.6626739501953,148.74213203883423,146.66136975503807,147.7787235523237,17730000
2024-03-21,147.72906494140625,150.2766186867377,147.00401561759026,149.29832798085226,19843900
2024-03-22,150.73846435546875,151.52308826961857,149.06987498317417,149.21886456654786,19252900
2024-03-25,150.12266540527344,150.4265853577574,147.7886468572479,149.92402778598515,15114700
2024-03-26,150.6689453125,152.15875033896853,150.0035008859537,150.2120802578947,19312700
2024-03-27,150.90731811523438,151.652220621275,149.10962249213577,151.11092661882844,16622000
2024-03-28,151.22511291503906,151.63232986193898,150.3014412187363,150.96688554033764,21105600
2024-04-01,155.43629455566406,155.93289613571412,150.61925316714763,150.79803761660597,24469800
2024-04-02,154.81057739257812,154.9297720816141,152.41696920681449,153.69819466209617,17598100
2024-04-03,155.30718994140625,155.4859744100271,153.0844096389436,153.86704823591893,17266200
2024-04-04,150.90731811523438,155.11849058346613,150.84772833956396,154.025976000988,24184800
2024-04-05,152.8937225341797,153.7875994661611,150.05414549387086,150.649073316628,16297300
2024-04-08,155.07875061035156,155.59024966391866,152.94336974324503,152.96819376178502,16641500
2024-04-09,157.065185546875,158.80329150215442,155.57538044234977,156.28056152672744,21521500
2024-04-10,156.58840942382812,157.0850109898138,155.138326182916,156.806915325268,16339200
2024-04-11,159.6971435546875,160.02490244508977,156.8565816596134,157.26379862845369,17841700
2024-04-12,158.1080322265625,160.6009669981502,157.52204592984705,158.3215672940823,16989800
2024-04-15,155.26747131347656,159.73688609456082,155.0886868415919,159.19062125696797,21140900
2024-04-16,154.93972778320312,156.16136370114802,153.99618760015494,154.58217395903864,15413200
2024-04-17,155.813720703125,157.6024745493931,155.0737740239414,156.12161126603937,16237800
2024-04-18,156.38978576660156,157.4078130055725,155.14828174098898,155.85841840642055,14016100
2024-04-19,154.66160583496094,156.91618137618147,152.86391044082393,156.67780714877986,21479900
2024-04-22,156.87646484375,158.10307157736906,154.60203585872028,154.9496479353851,17243900
2024-04-23,158.83306884765625,159.38926026709757,156.89135459062405,157.5121066489433,16115400
2024-04-24,160.0050506591797,160.29307293528493,157.74054844711983,158.00870241467607,19485700
2024-04-25,156.87646484375,157.2042237652319,151.72969349091787,152.3176651410188,36197800
2024-04-26,172.50949096679688,175.2209318481347,170.23504682584894,174.79386168533992,56500800
2024-04-29,166.7588348388672,170.21519337610644,165.92454766991162,169.6093387320858,35914600
2024-04-30,163.52098083496094,168.71542953697917,163.38193298755766,166.24236316851517,29420800
2024-05-01,164.44467163085938,167.6626405057152,163.77921210776898,165.05051107278743,25223200
2024-05-02,167.31503295898438,167.38454930866686,164.56385560131912,165.53719058243047,17041100
2024-05-03,167.84141540527344,168.69557076948902,163.8586608459886,168.38766504505602,22767100
2024-05-06,168.6757049560547,168.7452213009313,166.7488882811883,168.06985038462844,15147900
2024-05-07,171.80429077148438,172.29096581083274,168.84454938451893,168.96372892269463,21102400
2024-05-08,169.9966583251953,170.74056046805404,169.3629942173599,169.58944138801132,14569900
2024-05-09,170.413818359375,171.26797377514256,168.77502387588422,169.98673307395165,11937700
2024-05-10,169.13258361816406,170.17545011621107,166.7687700650145,168.53667073005127,18740500
2024-05-13,169.73841857910156,169.78808176946214,164.63335480464102,164.71976905896994,19648600
2024-05-14,170.76144409179688,171.60567299836634,169.26171249438895,170.42375859120125,18729500
2024-05-15,172.6981964111328,172.8630685243326,170.86076422540185,171.12893336255323,20958200
2024-05-16,174.23764038085938,175.14145898339967,172.8670301894522,173.4132950126952,17247300
2024-05-17,176.0850067138672,176.28861520935266,173.79070951144402,174.35684266792748,16546400
2024-05-20,177.24705505371094,178.72691816682396,176.02044845873684,176.10486224642364,17495100
2024-05-21,178.31968688964844,178.59779771433034,176.10484810848462,177.1874359048078,14706000
2024-05-22,176.79019165039062,177.63640585320144,175.57848238285234,177.18746691791006,16189400
2024-05-23,173.8701629638672,178.6872049115101,173.35369301724543,177.5648803607011,14928400
2024-05-24,175.13153076171875,176.098909756579,174.0092062404227,175.32024180389195,11403600
2024-05-28,176.81004333496094,177.29670321864995,174.48593625775842,174.54554118185376,15655300
2024-05-29,176.19424438476562,177.01860487232003,175.0619933251889,175.60825812478257,15023800
2024-05-30,172.38034057617188,175.48907136260868,172.05258170991144,175.48907136260868,18826300
2024-05-31,172.77764892578125,173.23451394686091,169.80796566844623,172.22144235978098,28085200
2024-06-03,173.23451232910156,174.66472746101607,171.2779006771184,172.6981892321732,20742800
2024-06-04,173.93968200683594,173.99927177427736,172.04266024953338,173.26429594731727,14066600
2024-06-05,175.86648559570312,176.76036235114077,174.09857008070574,175.33511828365616,15233900
2024-06-06,177.1378173828125,177.49537118259843,176.00556620933702,176.2240569960752,14255800
2024-06-07,174.7541046142578,178.20052102148705,174.59518846085118,177.2470544112042,14716300
2024-06-10,175.62911987304688,177.45868975619194,173.39186963927978,175.45013196473693,17099800
2024-06-11,177.18028259277344,177.37914625134988,174.4458655634547,176.71294465034026,14402400
2024-06-12,178.54251098632812,181.04823551639575,176.77259866771965,178.73143676848142,18600400
2024-06-13,175.73851013183594,177.49846952158737,175.658961630306,176.83226789014032,15956900
2024-06-14,177.35926818847656,177.71722886878834,174.85554617328688,174.85554617328688,12361600
2024-06-17,177.76695251464844,178.90049216533686,175.48993533971614,175.97714907347566,15272900
2024-06-18,175.4501495361328,177.89621671251533,174.6248508798992,177.77688637091632,15640300
2024-06-20,176.70301818847656,177.72718050998978,175.46010127670561,175.7086846590598,16753200
2024-06-21,179.23854064941406,181.47777846659835,177.0510101132299,177.47858138255626,58903200
2024-06-24,179.7655487060547,181.04824743123444,179.20872436768917,180.25277758828716,18198300
2024-06-25,184.52842712402344,184.69746201151094,180.078778296,180.11856013560077,18797000
2024-06-26,184.31959533691406,184.87641966721847,182.94742542932823,183.15622696702985,13375700
2024-06-27,185.80117797851562,186.43755087862158,184.39916395454998,184.59306629018056,13025700
2024-06-28,182.38064575195312,185.5227432016718,182.2861828572196,184.66761579883254,23032400
2024-07-01,183.444580078125,184.28975439076217,181.6945435299368,183.43462703353134,11815900
2024-07-02,185.55255126953125,185.89062097486087,182.02266476230326,182.4303450864307,12555500
2024-07-03,186.32814025878906,186.55683269872398,184.33449688272273,185.24432046483227,7409100
2024-07-05,190.8722686767578,191.1705565941188,186.25856176289477,186.25856176289477,14303400
2024-07-08,189.400634765625,190.59284569184211,188.2472194735337,190.28062959522862,12097600
2024-07-09,189.36087036132812,191.76715556228163,189.15205365470237,190.66344479257373,10198500
2024-07-10,191.56829833984375,192.2146090546467,189.5398494759331,189.66911768782384,12052900
2024-07-11,186.23866271972656,191.31970737889765,185.7613869004445,190.25576327897286,16452000
2024-07-12,185.7216033935547,187.6207839532123,185.0852305827975,185.86080947177268,14449100
2024-07-15,187.12362670898438,188.82392852398232,185.43326276710425,185.43326276710425,12186000
2024-07-16,184.4488525390625,189.26142273214708,184.07100097790882,187.88925290644931,12760100
2024-07-17,181.58517456054688,184.18038554020822,180.59084108439043,183.6334990938572,17376600
2024-07-18,178.20445251464844,183.00708517888938,177.20018113362187,182.49996537952947,17877200
2024-07-19,178.37347412109375,180.93885620153185,177.84647861485163,179.34791663817788,14485900
2024-07-22,182.31103515625,183.25564885280767,180.86923958683062,181.3167017551738,16303900
2024-07-23,182.5596466064453,184.17046210898496,182.29117229858005,182.79827694914692,23772600
2024-07-24,173.3819122314453,176.94162766782634,172.5864576395385,174.39613656014743,31250700
2024-07-25,168.2014617919922,174.20722957366385,168.09208449795938,173.26261576464879,28967900
2024-07-26,167.72415161132812,168.87758200343924,164.9251158186913,167.8136531488181,25150100
2024-07-29,170.16029357910156,171.1844558514704,168.75827972854137,169.53385863048427,13768900
2024-07-30,170.8861541748047,171.96997403739772,169.15600844040551,170.85632538389478,13681400
2024-07-31,172.1688232421875,174.9131931540264,170.74693375380906,173.92879761969414,15650200
2024-08-01,171.47279357910156,174.68448624625722,169.5437843354653,171.00545566245466,17177800
2024-08-02,167.4457550048828,169.24551138112997,165.4471501358132,167.23695346679165,18907800
2024-08-05,159.72972106933594,164.9996912656783,155.7126207010103,156.47824651554944,34907800
2024-08-06,159.6302947998047,161.43005119518008,157.23396257497106,160.0330138293395,36146500
2024-08-07,159.839111328125,163.85621202253907,159.33200670134502,162.31500722379837,19334200
2024-08-08,162.91160583496094,164.56220317584732,161.11186452991507,161.42408065346282,15733600
2024-08-09,164.4528045654297,164.58207276583246,160.01807081379508,160.72903074368634,13549200
2024-08-12,163.0209503173828,165.75536704027138,162.6232230448009,165.05436020517936,12435000
2024-08-13,164.98973083496094,165.5962748050298,163.83631564251016,164.24895732032397,12717600
2024-08-14,161.1118621826172,164.02526734280278,158.62602833400268,163.27951718821842,22515900
2024-08-15,162.24537658691406,162.59339934054438,160.57490378306463,161.29082503394963,18392500
2024-08-16,163.80648803710938,166.00395633125356,162.15589096929418,162.48402280848563,16853100
2024-08-19,167.4457550048828,167.51536563246327,165.14884705192927,166.05369417652463,13100800
2024-08-20,168.00257873535156,169.444359137714,167.7042756794743,167.78382417252982,12622500
2024-08-21,166.6801300048828,167.68440138112788,165.6261389190102,166.04375716969605,15269600
2024-08-22,164.55226135253906,168.4599848429793,164.09486125288578,168.0821332464103,19123800
2024-08-23,166.4812469482422,166.99830460508238,164.72128761615647,165.60624380473357,14281600
2024-08-26,166.97840881347656,168.4202044524346,165.37754652596405,167.20213990843885,11990300
2024-08-27,165.43722534179688,167.29164775200093,165.21847074114297,166.66025139285182,13718200
2024-08-28,163.56785583496094,166.44147895671864,162.35476778762694,165.83493493305164,15208700
2024-08-29,162.4740753173828,166.6801166225093,161.06411125124927,165.11900586502935,17133800
2024-08-30,164.17440795898438,164.34344283656623,162.48404401084056,163.2894517338057,18498800
2024-09-03,157.71124267578125,162.45421788846468,156.96051600131915,162.38958378108373,26533100
2024-09-04,156.915771484375,159.49109167821072,156.5478729344915,157.17926926216398,17410700
2024-09-05,157.70130920410156,160.1026180835835,156.6274271350871,156.8859483995008,14139500
2024-09-06,151.26795959472656,158.31778043968708,151.07405728029937,157.79078490061713,24999100
2024-09-09,148.88836669921875,153.96614931925384,147.55420944972815,152.9605559044524,28057700
2024-09-10,149.35630798339844,151.63633754172483,148.89134773184537,150.79003544164266,20401800
2024-09-11,151.48696899414062,151.81553277432062,148.05200611741637,150.4315905929965,18991500
2024-09-12,154.86221313476562,154.93191539548397,152.83110931126586,154.1353984322752,20980800
2024-09-13,157.6798858642578,158.58094104280494,155.42973945471823,155.68064025177955,16733900
2024-09-16,158.2971954345703,158.5461060421012,156.92320401946452,157.64006778453728,14157600
2024-09-17,159.58157348632812,160.88586268807376,158.71536940107993,159.39239898672255,12064800
2024-09-18,160.1092529296875,160.92568699517338,158.9642702393375,160.14908713362692,16756500
2024-09-19,162.52867126464844,164.2710454691448,161.81379771037444,164.1017880837837,17548200
2024-09-20,163.9225616455078,164.03208291554088,162.46891707891413,163.80308942085253,46362700
2024-09-23,162.3594207763672,165.8839883465766,162.23993335222076,164.61951818775515,15648400
2024-09-24,162.92691040039062,163.83294856754733,161.3239256401504,163.53425282985546,18774100
2024-09-25,162.27976989746094,163.50141298569918,162.06569522258198,162.25985279443302,13607900
2024-09-26,163.1160888671875,164.77880977721125,162.78752506691262,164.31085665490733,18234500
2024-09-27,164.56973266601562,166.2424198697135,163.11610320738927,163.19575642587947,13604300
2024-09-30,166.46144104003906,166.63069841047735,163.92255009887248,164.06193941525086,14070100
2024-10-01,167.6860809326172,169.6972827114958,165.1770579841753,168.1241659926003,18629500
2024-10-02,166.5809326171875,168.14409852538486,165.5255540716188,167.02896867245562,12745000
2024-10-03,166.4813690185547,167.17831564598703,164.64937549349344,165.09742671826152,11004300
2024-10-04,167.8254852294922,168.8111767024193,166.23246646010332,168.60208510793254,11422100
2024-10-07,163.6736602783203,169.15964465933897,163.41479871287174,168.4029618733599,14034700
2024-10-08,164.97793579101562,165.37620184985647,163.59399352017417,164.70910810033513,11723900
2024-10-09,162.34942626953125,165.5354784980963,160.4178778331306,164.13660232280216,19666400
2024-10-10,162.4689178466797,163.5950013001064,160.9356352512682,161.40358838977565,12900500
2024-10-11,163.80308532714844,164.54981709717626,161.7918835060304,162.6182684879368,10946000
2024-10-14,165.62510681152344,166.88956162559765,164.06194106924633,164.19137943300834,9981800
2024-10-15,166.17269897460938,168.35315811036688,165.3264121085983,166.411658603287,14829300
2024-10-16,166.013427734375,166.55106797325655,164.4960665730318,165.30651490961594,9968500
2024-10-17,163.7931365966797,167.1982320069964,163.65374725914504,166.65064080458777,15113400
2024-10-18,164.33078002929688,165.64502008827174,164.03208427288982,164.15155649853372,13091300
2024-10-21,165.0775146484375,165.4956826376428,163.58901891443685,163.8628296926184,11384000
2024-10-22,166.09307861328125,166.74024012033664,163.95243825860203,163.98230631632472,11958600
2024-10-23,163.7632598876953,166.86967454799074,162.91995064208177,165.704759555194,12754300
2024-10-24,163.81304931640625,164.33078763866595,162.06072409253227,163.87278543199432,12764400
2024-10-25,166.26231384277344,166.67051564133874,164.50997366436278,164.64439509849527,14566400
2024-10-28,167.60643005371094,169.86256206708674,165.06753901516458,169.84662534790536,20858300
2024-10-29,170.3942413330078,171.11110508314272,167.9250524115973,168.6468840430168,28916100
2024-10-30,175.37245178222656,182.98911006764936,174.9791687802624,181.61513388598914,49698300
2024-10-31,171.93748474121094,177.64251131508703,171.80804637049553,173.95863755379753,32801900
2024-11-01,171.89764404296875,173.0625589507953,169.56784461190855,170.79248043711254,21752900
2024-11-04,169.9362335205078,171.1708355365351,168.74644878064223,170.49380601285034,16194000
2024-11-05,170.66307067871094,171.3470734959179,169.6275940553142,170.0855962526431,12518300
2024-11-06,177.5529022216797,177.86154891962624,174.27723038022245,174.5858922704656,27061500
2024-11-07,181.48570251464844,181.78439828472426,178.11047525507675,178.32951780697917,16730400
2024-11-08,179.07626342773438,181.5554187603108,178.78753378287968,181.20693780300078,15021500
2024-11-11,181.1770477294922,181.29155207407845,179.2056800423675,179.28533325699743,12503400
2024-11-12,182.52117919921875,183.22309374945092,180.20133049340726,180.58963043690287,14065800
2024-11-13,179.70350646972656,181.8192466194637,179.33510844230398,181.3562613464338,13969700
2024-11-14,176.57717895507812,179.6586932804585,175.26292374510342,178.96671454665437,17925800
2024-11-15,173.1322479248047,175.11358167386166,171.99223317829555,174.87462204023322,21708900
2024-11-18,176.02957153320312,176.13909280002633,173.65993786500817,174.19261017148003,18662800
2024-11-19,178.79745483398438,179.38488017366925,174.35290289168816,174.4713876127403,15392900
2024-11-20,176.55726623535156,178.32950846808063,174.56598146219105,178.05072981522193,15729800
2024-11-21,168.5025177001953,174.8148865873952,164.58963534340768,174.69043129296793,38839400
2024-11-22,165.8441619873047,167.5317679566024,164.98790891495707,166.43158735760318,24497000
2024-11-25,168.69168090820312,169.7172065350398,166.6705280950971,167.257968644597,21395700
2024-11-26,169.87649536132812,170.74768243022393,168.6916785168623,168.75142982025878,14937500
2024-11-27,170.0756378173828,170.39423547744005,168.93063997056893,169.9362333002551,12433400
2024-11-29,169.7470703125,170.12540407605727,168.01464714823365,169.3189362005132,9250700
2024-12-02,172.22621154785156,172.84352014313558,169.52802925415844,169.57781441072444,16593400
2024-12-03,172.26605224609375,173.56039040413435,171.75826489918776,172.3656073706831,15721500
2024-12-04,175.3226776123047,175.6611924034742,171.9972354330077,172.0271034915051,18239800
2024-12-05,173.55043029785156,176.93562368996317,173.25173452909203,176.54732374826511,16145500
2024-12-06,175.72093200683594,176.06841023086653,172.7937409307028,173.1223047445848,13319500
2024-12-09,176.5283203125,177.4652731794903,174.83379581179184,175.14778141291757,19887800
2024-12-10,185.92787170410156,187.4230296378457,182.08033134621863,183.9393165192724,34317400
2024-12-11,196.07501220703125,196.25442385309114,185.65873341528825,186.0973154961447,41664500
2024-12-12,193.0049591064453,196.07002983557697,192.65608283731066,195.66633840932482,25197800
2024-12-13,190.76220703125,193.71264327515175,190.64258406331268,192.08791545519404,18883200
2024-12-16,197.5203399658203,199.99233022704658,193.48341038940663,193.73759211233372,32248600
2024-12-17,196.4836883544922,202.2251047087036,196.0550837025253,197.88914050032798,24129500
2024-12-18,189.5361785888672,198.04861948645635,188.6689918668289,196.19462306691972,27638400
2024-12-19,189.08761596679688,193.97180713333088,188.90820433526034,192.6560609972709,26981200
2024-12-20,192.33712768554688,193.50832259279161,185.76838878723544,186.40632224516705,45319700
2024-12-23,195.3573455810547,195.85573157040523,191.01141914553668,193.4036658106059,15235900
2024-12-24,196.93222045898438,197.03188851763488,194.56786839834976,195.5367307520955,6809800
2024-12-26,196.4637451171875,197.52032088445068,195.23770474465502,196.1049066292932,7907900
2024-12-27,193.4136199951172,196.1647202757909,191.3523024429326,195.83578371138285,14693000
2024-12-30,192.0679931640625,193.15447096011988,189.74551265085918,190.24888736231753,12209500
2024-12-31,189.8252410888672,192.62616766511687,188.96801665543026,191.82377359456456,14355200
2025-01-02,190.01463317871094,192.57632906643343,188.1008329456353,190.8668688990928,17545200
2025-01-03,192.50657653808594,193.87214927777333,190.73232363806486,192.10288510468152,12875000
2025-01-06,197.32098388671875,198.9158098969417,194.43033607710257,194.5200419032114,19483300
2025-01-07,196.07501220703125,201.48747646329343,195.30749356553247,197.62997397768044,16966800
2025-01-08,194.75927734375,197.00201430773126,193.124571898385,193.32392325327666,14335300
2025-01-10,192.5464324951172,196.98206455558247,190.98150846908007,194.78916934463103,20753800
2025-01-13,191.6692657470703,191.86863229863644,188.05099402103852,190.73231291855885,13169100
2025-01-14,190.43328857421875,192.6461235720949,189.02783644133166,191.87860489385017,13651200
2025-01-15,196.34413146972656,197.16149175688608,192.7059199913067,193.72263162353136,12894900
2025-01-16,193.78244018554688,196.3441362110355,193.6727946616834,195.19286581523593,13449600
2025-01-17,196.9123077392578,198.16823495893416,194.67953302807754,197.4106937293802,22109100
2025-01-21,198.98558044433594,203.18198165088893,198.79619134868744,199.8627293790569,19005200
2025-01-22,199.38429260253906,201.4675423346555,198.55697005615318,199.90261827692612,15477400
2025-01-23,198.9357452392578,201.28812762165109,196.18466016542135,199.33444793070097,15170800
2025-01-24,201.2482452392578,201.91609581228664,199.1390785263405,199.20487496402947,12732400
2025-01-27,193.14450073242188,198.0286770954344,192.077947468968,193.56314311700586,24970200
2025-01-28,196.43386840820312,196.5933403714479,191.98825852658302,194.0216667461431,15939200
2025-01-29,196.54347229003906,197.81935429110533,194.55990597999036,196.73286138104575,12287800
2025-01-30,201.9759063720703,202.58194542496827,198.82809578870138,199.11516051500755,14571500
2025-01-31,204.93630981445312,206.411527975635,202.92282630706868,203.0573850388532,17060300
2025-02-03,201.98585510253906,204.55752840288116,201.00902290938853,201.56222400754768,16719500
2025-02-04,207.0395050048828,208.02629948497267,203.6006296665919,203.83986040606993,28285400
2025-02-05,192.67601013183594,193.92197499920485,189.29695401991273,192.47665879496333,43666400
2025-02-06,192.6859588623047,193.20428446944905,189.8750702276043,190.37345613960014,20816600
2025-02-07,186.53590393066406,192.39193919392628,184.50249582506203,192.11783298882085,29565700
2025-02-10,187.59246826171875,189.3766984774281,187.00437649187288,188.4496927028371,16606000
2025-02-11,186.46612548828125,188.19053660602074,185.47931583791075,186.2318834848387,13028100
2025-02-12,184.83140563964844,186.22689542176803,183.03722839190226,184.6320543020691,17632300
2025-02-13,187.27352905273438,187.38317458159915,184.28321303955016,185.32981147653763,12729300
2025-02-14,186.2667694091797,187.5426362882782,185.50922820269398,186.2269052233785,12714200
2025-02-18,185.20021057128906,187.17381455216918,182.98737587382027,186.83491577748364,19796000
2025-02-19,186.52593994140625,186.7551932313241,184.90119679523852,185.58398314772262,13120500
2025-02-20,186.03750610351562,186.5159523550358,184.00409812740568,185.89795864642505,12063800
2025-02-21,180.99383544921875,186.8648210730536,180.5452911558963,186.68539423000573,19520800
2025-02-24,180.6051025390625,184.49250685544612,180.2961056843669,183.20667779988295,18734000
2025-02-25,176.7974395751953,180.17649594747144,176.19938551849802,179.57345316387003,20832500
2025-02-26,174.13604736328125,177.50514124217776,173.0296299492345,176.37381061451893,23637200
2025-02-27,169.6605682373047,176.01996323327316,169.20403887557038,175.372067519282,25930500
2025-02-28,171.6640625,171.94315742282225,167.84642419410588,169.75026222513335,30049800
2025-03-03,168.1155548095703,174.43508509945715,167.0988431977501,173.16918050892346,24122000
2025-03-04,172.05279541015625,174.59954027178784,166.99915466050498,167.3978725396029,30711400
2025-03-05,174.4251251220703,175.18266631177056,170.37821831917367,171.76374589997425,18848000
2025-03-06,173.64764404296875,176.15949834739462,171.95112715118205,171.99299899435542,19082400
2025-03-07,175.1826629638672,176.32894457512367,171.6939612832212,172.68276339705244,16395300
2025-03-10,167.4588623046875,170.09333760834892,165.21856474391475,169.80395112078375,28990700
2025-03-11,165.6326904296875,168.30209616396394,162.8984334954026,166.3312226673931,23705900
2025-03-12,168.6463623046875,169.17525204524574,165.13372374937688,168.11747256412926,19880100
2025-03-13,164.3852996826172,167.76820552881753,163.72669229913674,167.62849908664165,15206200
2025-03-14,167.26925659179688,167.89794321312493,164.16576354056602,164.9690870263586,18611100
2025-03-17,166.22145080566406,168.1074952719868,165.4630314005261,166.97486057411132,17839100
2025-03-18,162.32960510253906,166.091720499798,158.46770809514283,165.61272918130422,24616800
2025-03-19,165.9320526123047,167.78117198389484,162.70881575318666,163.571995968084,24955700
2025-03-20,164.7046356201172,166.6804882029944,162.79862864414542,163.48219284410166,19981500
2025-03-21,165.90213012695312,166.12167100602187,162.68886659897697,163.0381403320938,29882100
2025-03-24,169.5744171142578,170.14323170803982,167.0896371412489,168.91081531503914,18742800
2025-03-25,172.42843627929688,172.54819553776656,170.19313314600385,170.82180453881222,13841600
2025-03-26,166.79025268554688,171.58021155127406,166.5118295600408,170.94155138430105,22498000
2025-03-27,163.73666381835938,167.08963361496558,163.50714935773365,166.36116540619523,21571200
2025-03-28,155.7334442138672,163.46722744812823,155.01395983965068,162.02026459805788,34866500
2025-03-31,155.90309143066406,156.80121735692813,151.89151406467764,154.4860645445433,33591600
2025-04-01,158.54754638671875,159.74503232559243,154.93013174681002,154.97503575649606,20111400
2025-04-02,158.527587890625,159.93962031962053,156.20246156153843,156.63156970946335,17113300
2025-04-03,152.3106231689453,154.3633104450107,151.86155262256625,152.5151960290634,28416100
2025-04-04,147.4308624267578,152.7696585204793,147.23126874135036,149.58633109667096,39832200
2025-04-07,148.92771911621094,154.60579993715052,142.3614860124179,143.08995421575065,47823000
2025-04-08,146.27328491210938,154.11683856421288,144.90615649348965,153.25364308480528,35304400
2025-04-09,160.72299194335938,161.5312946445726,145.50490139145467,146.02381759510635,46479500
2025-04-10,155.04489135742188,159.69514420046266,151.88152624733968,158.42779734691703,35270500
2025-04-11,159.0664520263672,159.52549618373823,155.2594476417932,155.2594476417932,22582000
2025-04-14,161.13214111328125,163.68678212859385,159.5853812905667,161.97037984139416,18255900
2025-04-15,158.34796142578125,161.71092019595181,157.3151386924203,161.2319288394032,15690800
2025-04-16,155.17462158203125,157.84900646503428,153.58795225695732,155.1446855741514,16921500
2025-04-17,153.0391082763672,156.74135212697948,150.58424891052354,156.28230793676562,19513400
2025-04-21,149.54641723632812,150.7439031803643,148.08946559939653,150.64910075055403,16147800
2025-04-22,153.5779571533203,154.28647817349793,150.55429866627406,150.75389234645476,15910300
2025-04-23,157.38998413085938,159.68517460141064,156.0228556241092,157.57958900662848,18575700
2025-04-24,161.13214111328125,161.3716444185399,157.75920855848113,158.19329592743742,30787500
2025-04-25,163.50714111328125,167.88795419202464,162.65891369346122,166.75034031269075,35148100
2025-04-28,162.08013916015625,164.60484399235878,160.04441449921725,163.91628536051073,20871200
2025-04-29,161.72088623046875,162.3395840048771,159.05647504559602,161.70591822711566,15955200
2025-04-30,160.55332946777344,161.0363102187278,156.82614452258727,159.5254860095647,20639500
2025-05-01,162.44935607910156,163.59695884625,160.59324751027046,162.17993201602457,21904300
2025-05-02,165.46304321289062,166.3511802953172,163.31754813877285,164.60983654805946,16844900
2025-05-05,165.70254516601562,166.75035109742606,164.12584947218224,164.1707534829321,15309300
2025-05-06,164.8543243408203,166.39111049603875,162.7886636287067,163.61692872306404,10691900
2025-05-07,152.4802703857422,166.64058037151528,149.1771989680043,165.7225072906682,78729800
2025-05-08,155.42410278320312,157.08063299058793,153.7775613966295,155.59374524152167,38387500
2025-05-09,154.0569610595703,156.10265920444155,153.5081089022484,155.22451097958617,22871000
2025-05-12,159.24607849121094,160.10427953850458,157.55961240306388,158.767087161307,31884900
2025-05-13,160.55332946777344,161.72087936029618,157.25025823538817,159.5853580204337,24944300
2025-05-14,166.4609375,167.98773466385796,160.59323688479117,160.9724465842897,31769200
2025-05-15,165.05389404296875,167.15947947237044,163.49716078272107,166.79025857078503,22717600
2025-05-16,167.07965087890625,170.2929143521152,166.60065952676607,168.5765121778473,36271400
2025-05-19,167.5187225341797,167.59855695920197,165.06885786199535,165.36823314911408,21374700
2025-05-20,164.97409057617188,169.32495306366755,163.9162957370762,167.4089723124178,33563300
2025-05-21,169.7041473388672,174.1647950905629,164.54496738120505,164.60483939502217,45567600
2025-05-22,171.62013244628906,177.75727288119202,171.52035082957954,172.98727611426764,45024100
2025-05-23,169.23513793945312,170.84676411617667,168.90582662036127,169.92369658602146,24963600
2025-05-27,173.61593627929688,173.92528515676113,170.8517435680547,170.9415515853457,24341300
2025-05-28,173.0172119140625,176.1107161118287,172.65297018501624,173.61594729418155,25999200
2025-05-29,172.5980987548828,175.0329804174553,171.42055991285764,174.63382348309548,21174700
2025-05-30,172.48831176757812,173.0770735186819,168.17234979116824,172.04923004578563,36258300
2025-06-02,170.01348876953125,170.70404207052295,168.29708672339368,168.65633401739595,24742900
2025-06-03,167.3590850830078,169.44470824759915,166.33122627831037,168.51166710695887,25386700
2025-06-04,169.03555297851562,169.22515784223899,167.44388927750356,167.92787503026992,18508700
2025-06-05,169.4546661376953,171.999333247985,168.9956372255751,171.26087623375113,25375400
2025-06-06,174.55397033691406,175.4620697761154,171.93945767537895,171.93945767537895,22258100
2025-06-09,177.47137451171875,177.75610840952234,175.5031325772629,175.71293650196031,18817600
2025-06-10,179.8492431640625,182.2820814822952,176.3174115528641,177.6012524442818,32908000
2025-06-11,178.63034057617188,181.587704115862,177.84105272420047,181.06816418757248,18994400
2025-06-12,176.8119659423828,177.97093371422645,175.95273331776258,177.32150502104858,17345900
2025-06-13,175.7229461669922,178.18374417661255,173.41501140826213,173.4249969901244,20873200
2025-06-16,177.78109741210938,178.08581772153445,175.66299550545116,175.74791106095938,18132500
2025-06-17,177.0717315673828,178.5554060908411,175.78289022905207,176.84194122313968,17656100
2025-06-18,173.8246307373047,177.66520741745524,172.68564937270733,177.12168687013792,32531800
2025-06-20,167.58021545410156,175.2084072749372,166.1215277486504,174.70885376714864,55402600
2025-06-23,165.86175537109375,168.32955099660168,163.18415580302408,167.17059840849774,36975600
2025-06-24,167.5902099609375,169.09885600930554,166.7609493398623,167.5352511496685,27310300
2025-06-25,171.3368682861328,173.2051935344053,168.41048297188135,168.49939276403427,23627400
2025-06-26,174.27423095703125,174.4940357220232,170.70742680723183,173.23016594590123,25909100
2025-06-27,178.11080932617188,178.68029238922279,172.55577684017305,174.47406045255778,74053100
2025-06-30,177.23159790039062,181.41785885338717,175.34328619730314,180.6235705829387,43964600
2025-07-01,176.7520294189453,177.06175016091657,174.50403858767385,176.64711220363492,25778500
2025-07-02,179.59947204589844,179.77431882306013,175.93275111969743,176.38734664225254,19325900
2025-07-03,180.38877868652344,180.60858345440707,178.03088546799643,179.65943481772604,13287400
2025-07-07,177.4014434814453,180.1789598314395,176.48226683459202,179.9741410589373,20991400
2025-07-08,175.0035858154297,178.63033385947716,173.76468764691197,178.62034827773374,24108600
2025-07-09,177.50135803222656,180.11901356387378,173.72473469070374,175.95273909172283,31288000
2025-07-10,178.54042053222656,179.4296251657738,175.5830723051054,176.512234511381,24693700
2025-07-11,181.14808654785156,182.44692868840252,177.38245509455163,177.75112886809936,23975700
2025-07-14,182.64674377441406,184.5650273381907,180.5496192082718,181.9074143693571,20990400
2025-07-15,182.93649291992188,185.24442758915293,182.22712026096616,183.77573911870363,23911600
2025-07-16,183.60589599609375,185.16950087616138,182.91650973311008,184.1554078901505,21152600
2025-07-17,184.53506469726562,185.02162933119868,181.33792526233427,182.95148859796868,21654400
2025-07-18,185.77395629882812,187.19268639627012,184.56503013215195,186.45334173485833,21033400
2025-07-21,190.9792938232422,191.08919620124823,186.88296433744753,186.9329227356617,24665000
2025-07-22,191.93844604492188,193.18732979274287,188.32666875796485,192.2481667751554,26212900
2025-07-23,191.33897399902344,193.18732802696937,190.010159874068,192.1882210378446,34068100
2025-07-24,193.0274658203125,198.79231737351353,191.77858209315576,197.9330847594232,45252100
2025-07-25,193.9066925048828,195.10061746773786,191.95843686256575,192.75771028339912,31101800
2025-07-28,193.2472686767578,194.6460275845246,191.68366382649796,194.23639006720387,25553500
2025-07-29,196.25457763671875,196.4843832196581,192.817662416167,193.1273831421187,31891600
2025-07-30,197.26368713378906,198.30275169861974,195.3853611085289,196.12470577159496,21150500
2025-07-31,192.68777465820312,196.65423062723093,191.90847242579005,196.4244402882278,27852000
2025-08-01,189.78036499023438,191.44687467641603,188.5314812837375,189.6105186355703,21236700
2025-08-04,195.5751953125,195.9049024520249,190.74950667153828,191.00428383507187,23386000
2025-08-05,195.1455841064453,198.5225553573162,194.5011558308944,195.37037403152394,19010200
2025-08-06,196.74415588378906,197.20375182865104,194.2933433951165,195.0756489615275,15383700
2025-08-07,197.10382080078125,198.19284373359994,195.04566289247066,197.53344472313984,14660600
2025-08-08,201.90953063964844,203.24833036524188,197.72326985656238,197.80320024624658,24379900
2025-08-11,201.449951171875,201.97947666721265,199.6215835153614,201.37500595004394,16690200
2025-08-12,203.97769165039062,204.9468266736469,201.2201465346662,201.91453322711988,19854000
2025-08-13,202.84869384765625,205.24654455972473,198.46261470892654,204.79694945685728,19573000
2025-08-14,203.63800048828125,205.2365625759638,202.14432512407217,202.37911588398708,17777100
2025-08-15,204.72702026367188,207.14485738883576,201.9045460206804,204.53718749330082,21111400
2025-08-18,204.10755920410156,205.95591322393057,203.22835542424343,204.88687667774633,13000200
2025-08-19,202.30918884277344,204.10756930819693,200.75056906348905,203.72291858829,13476600
2025-08-20,200.01123046875,201.9894580373513,197.28367265876727,201.49989012472352,13971700
2025-08-21,200.4408416748047,203.17840034597594,200.22103691495778,200.54075847297617,11768900
2025-08-22,206.535400390625,209.0431534739571,201.94950291655513,203.7778705571345,25723700
2025-08-25,208.9732208251953,210.90148999026277,205.7660806926536,206.8151460768586,22788800
2025-08-26,207.76429748535156,208.2738518119723,206.26563698618554,208.18392059569848,23051000
2025-08-27,208.02407836914062,209.3828645197921,206.20569628356685,206.2756410923181,15249000
2025-08-28,212.1803436279297,212.70986910562976,207.4146143286289,207.6543902459798,20915700
2025-08-29,213.3393096923828,215.14769086553312,210.78159829310974,211.08133343259135,24682200
2025-09-02,211.8007049560547,212.17936432543956,206.77519781054198,208.80338386353435,28900100
2025-09-03,230.8936309814453,231.59300282388122,224.91896021781164,226.27774633104264,72250300
2025-09-04,232.45223999023438,232.56214237085004,226.55749949973745,229.94947205835598,32196000
2025-09-05,234.95999145507812,235.9191408833356,232.17248963182874,232.4522383723282,26127700
2025-09-08,234.16000366210938,238.39999389648438,233.72999572753906,235.7899932861328,23128800
2025-09-09,239.94000244140625,240.58999633789062,233.3800048828125,234.19000244140625,22854800
2025-09-10,239.55999755859375,242.0800018310547,238.11000061035156,239.25,19990100
2025-09-11,240.77999877929688,242.57000732421875,236.5800018310547,240.13999938964844,21308600
2025-09-12,241.3800048828125,242.42300415039062,238.5,240.8000030517578,14536600
2025-09-15,251.75999450683594,252.75,244.97999572753906,245.13999938964844,29935200
2025-09-16,251.4199981689453,253.22999572753906,249.71499633789062,252.3300018310547,24493500
2025-09-17,249.85000610351562,251.9499969482422,246.5800018310547,251.4600067138672,20491300
2025-09-18,252.3300018310547,254.13999938964844,250.11000061035156,251.86000061035156,21166400
2025-09-19,255.24000549316406,256.70001220703125,252.0679931640625,253.39999389648438,41616800
2025-09-22,252.8800048828125,256.30999755859375,250.80999755859375,254.77999877929688,20079000
2025-09-23,252.33999633789062,254.77000427246094,251.08999633789062,253.65499877929688,17521100
2025-09-24,247.8300018310547,252.9600067138672,247.22000122070312,252.14999389648438,16958500
2025-09-25,246.57000732421875,247.31500244140625,241.64999389648438,244.83999633789062,17379800
2025-09-26,247.17999267578125,250.1199951171875,246.63999938964844,247.78500366210938,16581700
